Model,Shapiro_W,Shapiro_p,BP_stat,BP_p
VL Adjusted,0.9389181499890606,4.896457165598709e-13,19.97998965917187,0.010412022036999686
CD4 Adjusted,0.9639383140086785,2.183546172136513e-9,15.383442487826082,0.0521047174385135
PHYS Adjusted,0.9494319357932897,9.307068497108324e-12,49.89302994501373,4.284819717467325e-8
MENT Adjusted,0.9605431546847105,4.646052879133572e-10,52.121628295212986,1.5944935244895123e-8
VL Adjusted + ADH,0.9448940776109799,2.859310524208631e-12,32.4762443444295,6.393994279208343e-4
CD4 Adjusted + ADH,0.9643892077191822,2.6182034531696926e-9,15.91028789142182,0.1444942255092669
PHYS Adjusted + ADH,0.9556252943740426,7.618405495626997e-11,62.881858459467054,2.6906240338427642e-9
MENT Adjusted + ADH,0.9630425436189572,1.2300430576634092e-9,59.511665158435434,1.1424277860935217e-8
